{
    "RandomForest": {
        "training_time_sec": 1062.1333253383636,
        "parameters": {
            "n_estimators": 300,
            "max_depth": 30,
            "min_samples_split": 4,
            "min_samples_leaf": 2,
            "max_features": 40
        },
        "features": [
            "dur",
            "sbytes",
            "dbytes",
            "spkts",
            "dpkts",
            "sload",
            "dload",
            "smeansz",
            "dmeansz",
            "sttl",
            "state",
            "service",
            "proto",
            "tcprtt",
            "synack",
            "ackdat",
            "ct_srv_src",
            "ct_srv_dst",
            "ct_dst_ltm",
            "ct_src_ltm",
            "ct_src_dport_ltm",
            "ct_dst_sport_ltm",
            "ct_dst_src_ltm",
            "trans_depth",
            "res_bdy_len",
            "ct_flw_http_mthd",
            "is_ftp_login",
            "dttl",
            "is_sm_ips_ports",
            "stime"
        ],
        "metrics": {
            "accuracy": 0.9757723048236883,
            "f1_macro": 0.5748930850891154,
            "f1_weighted": 0.9801997445689482,
            "classification_report": {
                "Analysis": {
                    "precision": 0.06866197183098592,
                    "recall": 0.26773455377574373,
                    "f1-score": 0.10929472209248015,
                    "support": 437.0
                },
                "Backdoors": {
                    "precision": 0.07107843137254902,
                    "recall": 0.21914357682619648,
                    "f1-score": 0.10734114743985194,
                    "support": 397.0
                },
                "DoS": {
                    "precision": 0.4185068349106204,
                    "recall": 0.35127978817299205,
                    "f1-score": 0.381957773512476,
                    "support": 1133.0
                },
                "Exploits": {
                    "precision": 0.8339950841368878,
                    "recall": 0.7990942028985507,
                    "f1-score": 0.8161717087612175,
                    "support": 5520.0
                },
                "Fuzzers": {
                    "precision": 0.43286437816544737,
                    "recall": 0.8823124569855472,
                    "f1-score": 0.5807913017215343,
                    "support": 4359.0
                },
                "Generic": {
                    "precision": 0.9775183744055339,
                    "recall": 0.8908589440504334,
                    "f1-score": 0.9321789321789322,
                    "support": 5076.0
                },
                "Normal": {
                    "precision": 0.9999922303745736,
                    "recall": 0.9851028817083594,
                    "f1-score": 0.9924917167261725,
                    "support": 391955.0
                },
                "Reconnaissance": {
                    "precision": 0.8830794565664882,
                    "recall": 0.8030700112317484,
                    "f1-score": 0.8411764705882353,
                    "support": 2671.0
                },
                "Shellcode": {
                    "precision": 0.40640809443507586,
                    "recall": 0.7980132450331126,
                    "f1-score": 0.5385474860335195,
                    "support": 302.0
                },
                "Worms": {
                    "precision": 0.34375,
                    "recall": 0.6470588235294118,
                    "f1-score": 0.4489795918367347,
                    "support": 34.0
                },
                "accuracy": 0.9757723048236883,
                "macro avg": {
                    "precision": 0.5435854856198162,
                    "recall": 0.6643668484212095,
                    "f1-score": 0.5748930850891154,
                    "support": 411884.0
                },
                "weighted avg": {
                    "precision": 0.9867580829789807,
                    "recall": 0.9757723048236883,
                    "f1-score": 0.9801997445689482,
                    "support": 411884.0
                }
            }
        }
    },
    "LSTM": {
        "training_time_sec": 1856.6109716892242,
        "parameters": {
            "units": 64,
            "dropout": 0.3,
            "recurrent_dropout": 0.2,
            "epochs": 20,
            "batch_size": 64,
            "gamma": 2.0,
            "alpha": 0.25,
            "learning_rate": 0.001,
            "layers": 3
        },
        "features": [
            "dur",
            "sbytes",
            "dbytes",
            "spkts",
            "dpkts",
            "sload",
            "dload",
            "smeansz",
            "dmeansz",
            "sttl",
            "state",
            "service",
            "proto",
            "tcprtt",
            "synack",
            "ackdat",
            "ct_srv_src",
            "ct_srv_dst",
            "ct_dst_ltm",
            "ct_src_ltm",
            "ct_src_dport_ltm",
            "ct_dst_sport_ltm",
            "ct_dst_src_ltm",
            "trans_depth",
            "res_bdy_len",
            "ct_flw_http_mthd",
            "is_ftp_login",
            "dttl",
            "is_sm_ips_ports",
            "stime"
        ],
        "metrics": {
            "accuracy": 0.9803148459274942,
            "f1_macro": 0.4580191479044668,
            "f1_weighted": 0.9780295174045796,
            "classification_report": {
                "Analysis": {
                    "precision": 0.0,
                    "recall": 0.0,
                    "f1-score": 0.0,
                    "support": 437.0
                },
                "Backdoors": {
                    "precision": 0.48717948717948717,
                    "recall": 0.04785894206549118,
                    "f1-score": 0.0871559633027523,
                    "support": 397.0
                },
                "DoS": {
                    "precision": 0.6086956521739131,
                    "recall": 0.037069726390114736,
                    "f1-score": 0.06988352745424292,
                    "support": 1133.0
                },
                "Exploits": {
                    "precision": 0.7629227264762573,
                    "recall": 0.788768115942029,
                    "f1-score": 0.7756301772512693,
                    "support": 5520.0
                },
                "Fuzzers": {
                    "precision": 0.5941068139963167,
                    "recall": 0.37003899977058957,
                    "f1-score": 0.45603618886061636,
                    "support": 4359.0
                },
                "Generic": {
                    "precision": 0.9624803414962929,
                    "recall": 0.8439716312056738,
                    "f1-score": 0.899338721528288,
                    "support": 5076.0
                },
                "Normal": {
                    "precision": 0.9928951004897478,
                    "recall": 0.9972445816484035,
                    "f1-score": 0.9950650881397916,
                    "support": 391955.0
                },
                "Reconnaissance": {
                    "precision": 0.49157303370786515,
                    "recall": 0.9172594533882441,
                    "f1-score": 0.6401045068582626,
                    "support": 2671.0
                },
                "Shellcode": {
                    "precision": 0.5596707818930041,
                    "recall": 0.4503311258278146,
                    "f1-score": 0.4990825688073395,
                    "support": 302.0
                },
                "Worms": {
                    "precision": 0.75,